{"polyfill":["/polyfill-46d3c99f24e0659b351d.js"],"app":["/app-e73649f7302ea06e16a5.js"],"component---src-pages-404-js":["/component---src-pages-404-js-99d6f47a2636787e3c00.js"],"component---src-pages-about-us-tsx":["/component---src-pages-about-us-tsx-5d810a1a8f52ff5a6520.js"],"component---src-pages-blog-post-archive-tsx":["/component---src-pages-blog-post-archive-tsx-47b5e222d4928ffd94b8.js"],"component---src-pages-index-tsx":["/component---src-pages-index-tsx-13cb39ee6717b62ca62d.js"],"component---src-pages-offer-tsx":["/component---src-pages-offer-tsx-53747d05f28a266c693b.js"],"component---src-pages-technology-tsx":["/component---src-pages-technology-tsx-aea4437114a6e0ebba34.js"]}