{"errors":[],"warnings":["./src/components/Seo.js\nThere are multiple modules with names that only differ in casing.\nThis can lead to unexpected behavior when compiling on a filesystem with other case-semantic.\nUse equal casing. Compare these module identifiers:\n* /Users/mk/Sites/forty/node_modules/gatsby/dist/utils/babel-loader.js??ref--4-0!/Users/mk/Sites/forty/src/components/Seo.js\n    Used by 10 module(s), i. e.\n    /Users/mk/Sites/forty/node_modules/gatsby/dist/utils/babel-loader.js??ref--4-0!/Users/mk/Sites/forty/src/pages/404.js\n* /Users/mk/Sites/forty/node_modules/gatsby/dist/utils/babel-loader.js??ref--4-0!/Users/mk/Sites/forty/src/components/seo.js\n    Used by 3 module(s), i. e.\n    /Users/mk/Sites/forty/node_modules/gatsby/dist/utils/babel-loader.js??ref--14!/Users/mk/Sites/forty/src/pages/blog-post-archive.tsx"],"namedChunkGroups":{"polyfill":{"chunks":[4,0,3,13],"assets":["webpack-runtime-f1492ddc7339a07df230.js","webpack-runtime-f1492ddc7339a07df230.js.map","commons-9526e6dd33ce3ab203b5.js","commons-9526e6dd33ce3ab203b5.js.map","dc6a8720040df98778fe970bf6c000a41750d3ae-1611da20b6d998dd3799.js","dc6a8720040df98778fe970bf6c000a41750d3ae-1611da20b6d998dd3799.js.map","polyfill-46d3c99f24e0659b351d.js","polyfill-46d3c99f24e0659b351d.js.map"],"children":{},"childAssets":{}},"app":{"chunks":[4,14,12,3,5],"assets":["webpack-runtime-f1492ddc7339a07df230.js","webpack-runtime-f1492ddc7339a07df230.js.map","styles.c75ef59ae1799e20b1cc.css","styles-e383b929d2d4095ae339.js","styles-e383b929d2d4095ae339.js.map","framework-cd3e1e804d552fa282ef.js","framework-cd3e1e804d552fa282ef.js.map","dc6a8720040df98778fe970bf6c000a41750d3ae-1611da20b6d998dd3799.js","dc6a8720040df98778fe970bf6c000a41750d3ae-1611da20b6d998dd3799.js.map","app-e73649f7302ea06e16a5.js","app-e73649f7302ea06e16a5.js.map"],"children":{},"childAssets":{}},"component---src-pages-404-js":{"chunks":[2,1,0,6],"assets":["cb1608f2-f8cc1533bb2639920676.js","cb1608f2-f8cc1533bb2639920676.js.map","a9a7754c-99d9ecad1661b7feca8e.js","a9a7754c-99d9ecad1661b7feca8e.js.map","commons-9526e6dd33ce3ab203b5.js","commons-9526e6dd33ce3ab203b5.js.map","component---src-pages-404-js-99d6f47a2636787e3c00.js","component---src-pages-404-js-99d6f47a2636787e3c00.js.map"],"children":{},"childAssets":{}},"component---src-pages-about-us-tsx":{"chunks":[2,1,0,7],"assets":["cb1608f2-f8cc1533bb2639920676.js","cb1608f2-f8cc1533bb2639920676.js.map","a9a7754c-99d9ecad1661b7feca8e.js","a9a7754c-99d9ecad1661b7feca8e.js.map","commons-9526e6dd33ce3ab203b5.js","commons-9526e6dd33ce3ab203b5.js.map","component---src-pages-about-us-tsx-5d810a1a8f52ff5a6520.js","component---src-pages-about-us-tsx-5d810a1a8f52ff5a6520.js.map"],"children":{},"childAssets":{}},"component---src-pages-blog-post-archive-tsx":{"chunks":[2,1,0,8],"assets":["cb1608f2-f8cc1533bb2639920676.js","cb1608f2-f8cc1533bb2639920676.js.map","a9a7754c-99d9ecad1661b7feca8e.js","a9a7754c-99d9ecad1661b7feca8e.js.map","commons-9526e6dd33ce3ab203b5.js","commons-9526e6dd33ce3ab203b5.js.map","component---src-pages-blog-post-archive-tsx-47b5e222d4928ffd94b8.js","component---src-pages-blog-post-archive-tsx-47b5e222d4928ffd94b8.js.map"],"children":{},"childAssets":{}},"component---src-pages-index-tsx":{"chunks":[2,1,0,9],"assets":["cb1608f2-f8cc1533bb2639920676.js","cb1608f2-f8cc1533bb2639920676.js.map","a9a7754c-99d9ecad1661b7feca8e.js","a9a7754c-99d9ecad1661b7feca8e.js.map","commons-9526e6dd33ce3ab203b5.js","commons-9526e6dd33ce3ab203b5.js.map","component---src-pages-index-tsx-13cb39ee6717b62ca62d.js","component---src-pages-index-tsx-13cb39ee6717b62ca62d.js.map"],"children":{},"childAssets":{}},"component---src-pages-offer-tsx":{"chunks":[2,1,0,10],"assets":["cb1608f2-f8cc1533bb2639920676.js","cb1608f2-f8cc1533bb2639920676.js.map","a9a7754c-99d9ecad1661b7feca8e.js","a9a7754c-99d9ecad1661b7feca8e.js.map","commons-9526e6dd33ce3ab203b5.js","commons-9526e6dd33ce3ab203b5.js.map","component---src-pages-offer-tsx-53747d05f28a266c693b.js","component---src-pages-offer-tsx-53747d05f28a266c693b.js.map"],"children":{},"childAssets":{}},"component---src-pages-technology-tsx":{"chunks":[2,1,0,11],"assets":["cb1608f2-f8cc1533bb2639920676.js","cb1608f2-f8cc1533bb2639920676.js.map","a9a7754c-99d9ecad1661b7feca8e.js","a9a7754c-99d9ecad1661b7feca8e.js.map","commons-9526e6dd33ce3ab203b5.js","commons-9526e6dd33ce3ab203b5.js.map","component---src-pages-technology-tsx-aea4437114a6e0ebba34.js","component---src-pages-technology-tsx-aea4437114a6e0ebba34.js.map"],"children":{},"childAssets":{}}},"assetsByChunkName":{"polyfill":["webpack-runtime-f1492ddc7339a07df230.js","commons-9526e6dd33ce3ab203b5.js","dc6a8720040df98778fe970bf6c000a41750d3ae-1611da20b6d998dd3799.js","polyfill-46d3c99f24e0659b351d.js"],"app":["webpack-runtime-f1492ddc7339a07df230.js","styles.c75ef59ae1799e20b1cc.css","styles-e383b929d2d4095ae339.js","framework-cd3e1e804d552fa282ef.js","dc6a8720040df98778fe970bf6c000a41750d3ae-1611da20b6d998dd3799.js","app-e73649f7302ea06e16a5.js"],"component---src-pages-404-js":["cb1608f2-f8cc1533bb2639920676.js","a9a7754c-99d9ecad1661b7feca8e.js","commons-9526e6dd33ce3ab203b5.js","component---src-pages-404-js-99d6f47a2636787e3c00.js"],"component---src-pages-about-us-tsx":["cb1608f2-f8cc1533bb2639920676.js","a9a7754c-99d9ecad1661b7feca8e.js","commons-9526e6dd33ce3ab203b5.js","component---src-pages-about-us-tsx-5d810a1a8f52ff5a6520.js"],"component---src-pages-blog-post-archive-tsx":["cb1608f2-f8cc1533bb2639920676.js","a9a7754c-99d9ecad1661b7feca8e.js","commons-9526e6dd33ce3ab203b5.js","component---src-pages-blog-post-archive-tsx-47b5e222d4928ffd94b8.js"],"component---src-pages-index-tsx":["cb1608f2-f8cc1533bb2639920676.js","a9a7754c-99d9ecad1661b7feca8e.js","commons-9526e6dd33ce3ab203b5.js","component---src-pages-index-tsx-13cb39ee6717b62ca62d.js"],"component---src-pages-offer-tsx":["cb1608f2-f8cc1533bb2639920676.js","a9a7754c-99d9ecad1661b7feca8e.js","commons-9526e6dd33ce3ab203b5.js","component---src-pages-offer-tsx-53747d05f28a266c693b.js"],"component---src-pages-technology-tsx":["cb1608f2-f8cc1533bb2639920676.js","a9a7754c-99d9ecad1661b7feca8e.js","commons-9526e6dd33ce3ab203b5.js","component---src-pages-technology-tsx-aea4437114a6e0ebba34.js"]}}